program_name,test_file,usable,llm_test_file,builds,passes,coverage_before,coverage_after,coverage_delta,kept,discard_reason
scrapy_1,test_command_fetch.py,True,,,,31,,,,
scrapy_2,test_command_fetch.py,True,,,,32,,,,
scrapy_3,test_command_fetch.py,True,,,,32,,,,
scrapy_4,test_command_fetch.py,True,,,,32,,,,
scrapy_5,test_command_fetch.py,True,,,,32,,,,
scrapy_6,test_command_fetch.py,True,,,,32,,,,
scrapy_7,test_command_fetch.py,True,,,,33,,,,
scrapy_8,test_command_fetch.py,True,,,,33,,,,
scrapy_9,test_command_fetch.py,True,,,,33,,,,
scrapy_10,test_command_fetch.py,True,,,,32,,,,
scrapy_11,test_command_fetch.py,True,,,,32,,,,
scrapy_12,test_command_fetch.py,True,,,,32,,,,
scrapy_13,test_command_fetch.py,True,,,,32,,,,
scrapy_14,test_command_fetch.py,True,,,,32,,,,
scrapy_15,test_command_fetch.py,True,,,,32,,,,
scrapy_16,test_command_fetch.py,True,,,,32,,,,
scrapy_17,test_command_fetch.py,True,,,,32,,,,
scrapy_18,test_command_fetch.py,True,,,,32,,,,
scrapy_19,test_command_fetch.py,True,,,,32,,,,
scrapy_20,test_command_fetch.py,True,,,,32,,,,
scrapy_21,test_command_fetch.py,True,,,,32,,,,
scrapy_22,test_command_fetch.py,True,,,,32,,,,
scrapy_23,test_command_fetch.py,True,,,,32,,,,
scrapy_24,test_command_fetch.py,True,,,,31,,,,
scrapy_25,test_command_fetch.py,True,,,,31,,,,
scrapy_26,test_command_fetch.py,True,,,,31,,,,
scrapy_27,test_command_fetch.py,True,,,,31,,,,
scrapy_28,test_command_fetch.py,True,,,,31,,,,
scrapy_29,test_command_fetch.py,True,,,,31,,,,
scrapy_30,test_command_fetch.py,True,,,,31,,,,
scrapy_31,test_command_fetch.py,True,,,,31,,,,
scrapy_32,test_command_fetch.py,True,,,,31,,,,
scrapy_33,test_command_fetch.py,True,,,,31,,,,
scrapy_34,test_command_fetch.py,True,,,,31,,,,
scrapy_35,test_command_fetch.py,True,,,,31,,,,
scrapy_36,test_command_fetch.py,True,,,,31,,,,
scrapy_37,test_command_fetch.py,True,,,,32,,,,
scrapy_38,test_command_fetch.py,True,,,,32,,,,
scrapy_39,test_command_fetch.py,True,,,,33,,,,
scrapy_40,test_command_fetch.py,True,,,,32,,,,